province,district,registered_voters,valid_votes,akp,chp,mhp,year,province_district
adana,aladag,3884,3202,1177,587,658,2004,adana_aladag
adana,ceyhan,59262,41384,5604,7573,16505,2004,adana_ceyhan
adana,feke,3722,3174,465,446,753,2004,adana_feke
adana,imamoglu,14213,11282,3885,1256,2649,2004,adana_imamoglu
adana,karaisali,3635,3068,1254,237,387,2004,adana_karaisali
adana,karatas,7527,5189,2030,1733,12,2004,adana_karatas
adana,kozan,38229,29321,12338,965,10447,2004,adana_kozan
adana,pozanti,6415,5053,2795,1106,56,2004,adana_pozanti
adana,saimbeyli,3928,3056,1280,646,40,2004,adana_saimbeyli
adana,seyhan,519468,330266,119964,87828,38026,2004,adana_seyhan
adana,tufanbeyli,5012,4229,1456,1488,35,2004,adana_tufanbeyli
adana,yumurtalik,4449,3539,1081,55,1501,2004,adana_yumurtalik
adana,yuregir,196470,130896,47952,17069,19239,2004,adana_yuregir
adiyaman,besni,16195,10498,3288,2463,66,2004,adiyaman_besni
adiyaman,celikhan,5106,4066,1632,NA,NA,2004,adiyaman_celikhan
adiyaman,gerger,1985,1431,483,7,NA,2004,adiyaman_gerger
adiyaman,golbasi,17889,12942,4383,2587,98,2004,adiyaman_golbasi
adiyaman,kahta,28969,18835,4201,121,44,2004,adiyaman_kahta
adiyaman,merkez,90750,59895,27187,6899,3060,2004,adiyaman_merkez
adiyaman,samsat,2777,2225,1159,NA,9,2004,adiyaman_samsat
adiyaman,sincik,2564,2077,1004,2,NA,2004,adiyaman_sincik
adiyaman,tut,3217,2739,869,996,NA,2004,adiyaman_tut
afyon,basmakci,4461,3765,1111,820,846,2004,afyon_basmakci
afyon,bayat,3117,2621,1052,766,25,2004,afyon_bayat
afyon,bolvadin,19043,15778,7083,248,3677,2004,afyon_bolvadin
afyon,cay,9822,7813,2991,1565,460,2004,afyon_cay
afyon,cobanlar,4833,4445,2592,379,1371,2004,afyon_cobanlar
afyon,dazkiri,3373,2820,1148,414,1058,2004,afyon_dazkiri
afyon,dinar,16407,12832,5885,2562,981,2004,afyon_dinar
afyon,emirdag,13082,9627,5791,3692,NA,2004,afyon_emirdag
afyon,evciler,2939,2508,842,378,NA,2004,afyon_evciler
afyon,hocalar,2009,1645,492,241,67,2004,afyon_hocalar
afyon,ihsaniye,1566,1319,960,NA,NA,2004,afyon_ihsaniye
afyon,iscehisar,6621,5761,1821,NA,2120,2004,afyon_iscehisar
afyon,kiziloren,1884,1603,723,NA,36,2004,afyon_kiziloren
afyon,merkez,75839,60650,30740,2950,20833,2004,afyon_merkez
afyon,sandikli,17113,13553,7257,743,4811,2004,afyon_sandikli
afyon,sinanpasa (sincanli),3347,2693,1167,842,86,2004,afyon_sinanpasa (sincanli)
afyon,suhut,8448,6926,1497,2033,1531,2004,afyon_suhut
afyon,sultandagi,4567,3683,825,827,253,2004,afyon_sultandagi
agri,diyadin,6844,4552,1082,421,40,2004,agri_diyadin
agri,dogubayazit,26237,13118,3963,NA,79,2004,agri_dogubayazit
agri,eleskirt,5375,3739,1549,NA,NA,2004,agri_eleskirt
agri,hamur,1896,1438,632,NA,NA,2004,agri_hamur
agri,merkez,39562,20678,10124,468,530,2004,agri_merkez
agri,patnos,17315,11291,1368,118,NA,2004,agri_patnos
agri,taslicay,3278,2284,838,1198,NA,2004,agri_taslicay
agri,tutak,3506,2244,493,655,NA,2004,agri_tutak
aksaray,agacoren,2420,1816,1301,NA,489,2004,aksaray_agacoren
aksaray,eskil,13140,11685,2034,1473,3756,2004,aksaray_eskil
aksaray,gulagac,3822,2911,954,NA,819,2004,aksaray_gulagac
aksaray,guzelyurt,1710,1285,247,395,NA,2004,aksaray_guzelyurt
aksaray,merkez,73806,52009,23046,8872,18448,2004,aksaray_merkez
aksaray,ortakoy,12886,9093,4078,627,1921,2004,aksaray_ortakoy
aksaray,sariyahsi,2438,1946,877,NA,1018,2004,aksaray_sariyahsi
amasya,goynucek,2374,1700,378,366,410,2004,amasya_goynucek
amasya,gumushacikoy,11010,8723,4609,3872,119,2004,amasya_gumushacikoy
amasya,hamamozu,1142,897,371,NA,121,2004,amasya_hamamozu
amasya,merkez,53650,33901,16258,2495,3684,2004,amasya_merkez
amasya,merzifon,33590,23734,9430,7246,4325,2004,amasya_merzifon
amasya,suluova,26003,18899,8805,3676,520,2004,amasya_suluova
amasya,tasova,8987,5684,1207,NA,2152,2004,amasya_tasova
ankara,akyurt,5486,4703,3254,52,153,2004,ankara_akyurt
ankara,altindag,259064,189116,121873,23824,7761,2004,ankara_altindag
ankara,ayas,4190,3505,995,1576,58,2004,ankara_ayas
ankara,bala,3284,2609,580,108,938,2004,ankara_bala
ankara,beypazari,22479,18832,8018,NA,10320,2004,ankara_beypazari
ankara,camlidere,3657,2886,1507,391,27,2004,ankara_camlidere
ankara,cankaya,585606,396050,144801,201269,13064,2004,ankara_cankaya
ankara,cubuk,27834,23663,13264,646,7583,2004,ankara_cubuk
ankara,elmadag,16084,13909,3567,5040,4297,2004,ankara_elmadag
ankara,etimesgut,117857,87168,37038,21201,21430,2004,ankara_etimesgut
ankara,evren,2334,1834,1000,777,44,2004,ankara_evren
ankara,golbasi,26527,19619,6934,4391,NA,2004,ankara_golbasi
ankara,gudul,2703,2303,1029,171,618,2004,ankara_gudul
ankara,haymana,7930,5990,1189,754,293,2004,ankara_haymana
ankara,kalecik,4825,3986,1317,1297,366,2004,ankara_kalecik
ankara,kazan,12601,10639,5454,1039,3587,2004,ankara_kazan
ankara,kecioren,436248,321468,183983,50692,44680,2004,ankara_kecioren
ankara,kizilcahamam,10896,9074,4499,734,3402,2004,ankara_kizilcahamam
ankara,mamak,284186,212190,106120,66222,27186,2004,ankara_mamak
ankara,nallihan,9376,7646,2147,2227,2658,2004,ankara_nallihan
ankara,polatli,45949,35297,12870,8438,5791,2004,ankara_polatli
ankara,sereflikochisar,21776,14393,6080,4614,2954,2004,ankara_sereflikochisar
ankara,sincan,170333,129319,83624,11874,15308,2004,ankara_sincan
ankara,yenimahalle,389621,279572,139440,98333,13987,2004,ankara_yenimahalle
antalya,akseki,2130,1614,590,1012,4,2004,antalya_akseki
antalya,alanya,43760,29328,5700,5264,2518,2004,antalya_alanya
antalya,elmali,10686,8498,3864,443,3823,2004,antalya_elmali
antalya,finike,7546,5754,931,1223,443,2004,antalya_finike
antalya,gazipasa,12707,10092,2882,3217,1637,2004,antalya_gazipasa
antalya,gundogmus,1941,1381,298,455,NA,2004,antalya_gundogmus
antalya,ibradi,1775,1393,481,403,NA,2004,antalya_ibradi
antalya,kale,9412,7992,1991,1589,1944,2004,antalya_kale
antalya,kas,4459,3371,303,678,687,2004,antalya_kas
antalya,kemer,9971,6498,870,359,2467,2004,antalya_kemer
antalya,korkuteli,12802,9737,2729,1799,3207,2004,antalya_korkuteli
antalya,kumluca,17939,12476,7129,1610,318,2004,antalya_kumluca
antalya,manavgat,40500,25096,4271,9630,10407,2004,antalya_manavgat
antalya,serik,22422,16225,4194,1975,5199,2004,antalya_serik
ardahan,cildir,1290,884,321,278,NA,2004,ardahan_cildir
ardahan,damal,1204,802,14,310,NA,2004,ardahan_damal
ardahan,gole,4693,2771,729,291,234,2004,ardahan_gole
ardahan,hanak,2338,1616,393,472,151,2004,ardahan_hanak
ardahan,merkez,10050,6253,1103,1558,111,2004,ardahan_merkez
ardahan,posof,1721,1101,455,598,40,2004,ardahan_posof
artvin,ardanuc,4527,3093,925,1363,101,2004,artvin_ardanuc
artvin,arhavi,10083,7013,1892,2441,86,2004,artvin_arhavi
artvin,borcka,8263,6145,1126,1908,2662,2004,artvin_borcka
artvin,hopa,10315,7304,1544,1625,959,2004,artvin_hopa
artvin,merkez,14708,10433,3715,4849,224,2004,artvin_merkez
artvin,murgul,3517,2460,546,787,730,2004,artvin_murgul
artvin,savsat,5382,3460,807,1109,243,2004,artvin_savsat
artvin,yusufeli,4486,3430,1249,460,1339,2004,artvin_yusufeli
aydin,bozdogan,6021,5214,1467,1975,87,2004,aydin_bozdogan
aydin,buharkent,5049,4230,1140,983,714,2004,aydin_buharkent
aydin,cine,13412,11208,2033,5572,76,2004,aydin_cine
aydin,didim,17221,12070,2470,2996,266,2004,aydin_didim
aydin,germencik,8958,6747,2353,1288,107,2004,aydin_germencik
aydin,incirliova,12687,10143,2418,3471,3159,2004,aydin_incirliova
aydin,karacasu,4266,3541,1834,627,222,2004,aydin_karacasu
aydin,karpuzlu,1722,1317,657,192,24,2004,aydin_karpuzlu
aydin,kocarli,4720,4031,1002,1055,493,2004,aydin_kocarli
aydin,kosk,6192,5216,1836,463,43,2004,aydin_kosk
aydin,kusadasi,36370,25326,9397,6008,715,2004,aydin_kusadasi
aydin,kuyucak,6054,5080,604,2603,NA,2004,aydin_kuyucak
aydin,merkez,99982,72741,33023,19734,5064,2004,aydin_merkez
aydin,nazilli,68561,50134,13203,7481,2112,2004,aydin_nazilli
aydin,soke,38697,29177,4388,10394,2766,2004,aydin_soke
aydin,sultanhisar,4285,3455,446,881,953,2004,aydin_sultanhisar
aydin,yenipazar,5423,4519,1993,1857,472,2004,aydin_yenipazar
balikesir,ayvalik,23446,16944,1336,7385,135,2004,balikesir_ayvalik
balikesir,balya,1520,1188,368,268,291,2004,balikesir_balya
balikesir,bandirma,72711,52808,18091,15824,2995,2004,balikesir_bandirma
balikesir,bigadic,11153,8733,3045,1641,641,2004,balikesir_bigadic
balikesir,burhaniye,21800,16222,4580,5532,1296,2004,balikesir_burhaniye
balikesir,dursunbey,10916,8687,4033,NA,1954,2004,balikesir_dursunbey
balikesir,edremit,28177,20335,6693,4842,3545,2004,balikesir_edremit
balikesir,erdek,13212,10305,5069,858,80,2004,balikesir_erdek
balikesir,gomec,4129,3342,2035,1146,32,2004,balikesir_gomec
balikesir,gonen,26453,21174,9010,3132,451,2004,balikesir_gonen
balikesir,havran,7272,6168,2261,159,200,2004,balikesir_havran
balikesir,ivrindi,4615,3737,1483,816,835,2004,balikesir_ivrindi
balikesir,kepsut,4537,3678,1388,979,14,2004,balikesir_kepsut
balikesir,manyas,4274,3384,1115,568,206,2004,balikesir_manyas
balikesir,marmara,1683,1439,865,559,4,2004,balikesir_marmara
balikesir,merkez,155193,112819,50094,36734,10495,2004,balikesir_merkez
balikesir,savastepe,6536,5434,1813,1323,1376,2004,balikesir_savastepe
balikesir,sindirgi,8629,7035,2579,1465,1194,2004,balikesir_sindirgi
balikesir,susurluk,16089,13067,4431,559,1084,2004,balikesir_susurluk
bartin,amasra,4786,3571,1145,1087,139,2004,bartin_amasra
bartin,kurucasile,1422,1021,301,685,8,2004,bartin_kurucasile
bartin,merkez,28472,20777,4481,1070,1538,2004,bartin_merkez
bartin,ulus,2781,2204,847,1294,9,2004,bartin_ulus
batman,besiri,4957,3592,514,NA,15,2004,batman_besiri
batman,gercus,3651,2742,686,891,NA,2004,batman_gercus
batman,hasankeyf,2586,1802,729,185,NA,2004,batman_hasankeyf
batman,kozluk,11990,7937,4239,555,14,2004,batman_kozluk
batman,merkez,115949,64404,NA,988,920,2004,batman_merkez
batman,sason,5713,3982,1617,NA,39,2004,batman_sason
bayburt,aydintepe,2190,1765,980,NA,14,2004,bayburt_aydintepe
bayburt,demirozu,1315,952,339,NA,64,2004,bayburt_demirozu
bayburt,merkez,20129,11924,3606,82,3597,2004,bayburt_merkez
bilecik,bozuyuk,29252,24618,4903,7318,9327,2004,bilecik_bozuyuk
bilecik,golpazari,5413,4455,1430,1017,42,2004,bilecik_golpazari
bilecik,inhisar,1086,880,604,11,NA,2004,bilecik_inhisar
bilecik,merkez,19144,15264,5945,2421,1377,2004,bilecik_merkez
bilecik,osmaneli,8267,6996,2659,1182,1987,2004,bilecik_osmaneli
bilecik,pazaryeri,4813,4003,1262,1322,67,2004,bilecik_pazaryeri
bilecik,sogut,7579,6386,1987,1060,2228,2004,bilecik_sogut
bilecik,yenipazar,1023,774,255,282,NA,2004,bilecik_yenipazar
bingol,adakli,2910,1762,1118,NA,NA,2004,bingol_adakli
bingol,genc,8162,6207,1977,1434,NA,2004,bingol_genc
bingol,karliova,3276,2325,432,NA,399,2004,bingol_karliova
bingol,kigi,2132,1332,621,643,NA,2004,bingol_kigi
bingol,merkez,35969,22459,8940,244,295,2004,bingol_merkez
bingol,solhan,7299,5407,1251,33,NA,2004,bingol_solhan
bingol,yayladere,1074,480,207,183,NA,2004,bingol_yayladere
bingol,yedisu,1085,751,136,192,NA,2004,bingol_yedisu
bitlis,adilcevaz,7350,5256,2279,43,NA,2004,bitlis_adilcevaz
bitlis,ahlat,8519,6451,2491,522,662,2004,bitlis_ahlat
bitlis,guroymak,8693,5869,2436,30,NA,2004,bitlis_guroymak
bitlis,hizan,5315,3734,1278,919,NA,2004,bitlis_hizan
bitlis,merkez,19619,12883,3728,350,75,2004,bitlis_merkez
bitlis,mutki,1818,1278,508,NA,NA,2004,bitlis_mutki
bitlis,tatvan,27876,17052,6552,127,NA,2004,bitlis_tatvan
bolu,dortdivan,1518,1245,443,NA,29,2004,bolu_dortdivan
bolu,gerede,12342,9893,5804,NA,NA,2004,bolu_gerede
bolu,goynuk,2508,2016,990,70,113,2004,bolu_goynuk
bolu,kibriscik,1041,846,320,316,191,2004,bolu_kibriscik
bolu,mengen,3585,2728,559,760,572,2004,bolu_mengen
bolu,merkez,56137,42957,20307,16591,1567,2004,bolu_merkez
bolu,mudurnu,3531,2901,1417,1166,129,2004,bolu_mudurnu
bolu,seben,2498,2057,888,206,247,2004,bolu_seben
bolu,yenicaga,3573,2881,1631,NA,39,2004,bolu_yenicaga
bursa,buyukorhan,2134,1713,352,16,30,2004,bursa_buyukorhan
bursa,gemlik,49842,33666,10928,2849,3282,2004,bursa_gemlik
bursa,gursu,16934,12983,4752,3500,1223,2004,bursa_gursu
bursa,harmancik,2645,2091,705,946,401,2004,bursa_harmancik
bursa,inegol,66931,48431,20770,3915,9390,2004,bursa_inegol
bursa,iznik,15505,11775,4405,3291,833,2004,bursa_iznik
bursa,karacabey,28976,22529,7904,490,488,2004,bursa_karacabey
bursa,keles,2788,2274,1019,107,20,2004,bursa_keles
bursa,kestel,20827,16022,4387,3623,576,2004,bursa_kestel
bursa,mudanya,17344,12455,3247,3511,266,2004,bursa_mudanya
bursa,mustafakemalpasa,33293,25053,8019,3368,990,2004,bursa_mustafakemalpasa
bursa,nilufer,94196,66542,26515,29652,2068,2004,bursa_nilufer
bursa,orhaneli,6453,5073,1802,396,1586,2004,bursa_orhaneli
bursa,orhangazi,29303,23657,9635,277,2626,2004,bursa_orhangazi
bursa,osmangazi,402110,279839,157252,51712,9519,2004,bursa_osmangazi
bursa,yenisehir,17764,13840,7607,2008,338,2004,bursa_yenisehir
bursa,yildirim,324027,224683,108257,25505,8786,2004,bursa_yildirim
canakkale,ayvacik,5129,4364,1705,1678,248,2004,canakkale_ayvacik
canakkale,bayramic,9005,7376,1901,2800,1045,2004,canakkale_bayramic
canakkale,biga,19869,15008,7467,5951,559,2004,canakkale_biga
canakkale,bozcaada,1867,1497,388,495,7,2004,canakkale_bozcaada
canakkale,can,19345,16195,6941,7337,766,2004,canakkale_can
canakkale,eceabat,3537,2882,707,766,24,2004,canakkale_eceabat
canakkale,ezine,9174,7353,1432,1662,2326,2004,canakkale_ezine
canakkale,gelibolu,15402,12170,1887,4018,1105,2004,canakkale_gelibolu
canakkale,gokceada,3121,2504,875,428,1180,2004,canakkale_gokceada
canakkale,lapseki,6899,5272,2647,1222,134,2004,canakkale_lapseki
canakkale,merkez,54036,35780,13483,16033,1506,2004,canakkale_merkez
canakkale,yenice,4939,3990,2056,658,172,2004,canakkale_yenice
cankiri,atkaracalar,3227,2427,585,NA,449,2004,cankiri_atkaracalar
cankiri,bayramoren,842,620,290,NA,322,2004,cankiri_bayramoren
cankiri,cerkes,7930,6221,1176,629,1980,2004,cankiri_cerkes
cankiri,eldivan,2672,2200,870,NA,697,2004,cankiri_eldivan
cankiri,ilgaz,6022,4478,2572,NA,1800,2004,cankiri_ilgaz
cankiri,kizilirmak,2699,2216,696,14,940,2004,cankiri_kizilirmak
cankiri,korgun,1300,1061,565,NA,465,2004,cankiri_korgun
cankiri,kursunlu,3333,2634,661,601,993,2004,cankiri_kursunlu
cankiri,merkez,37548,29233,16891,702,9702,2004,cankiri_merkez
cankiri,orta,2617,2139,1085,NA,94,2004,cankiri_orta
cankiri,sabanozu,2860,2369,1240,973,99,2004,cankiri_sabanozu
cankiri,yaprakli,1297,1075,674,NA,19,2004,cankiri_yaprakli
corum,alaca,13994,10597,4464,171,5550,2004,corum_alaca
corum,bayat,5438,4365,2436,NA,1876,2004,corum_bayat
corum,bogazkale,1690,1327,721,NA,21,2004,corum_bogazkale
corum,dodurga,2435,1953,791,194,171,2004,corum_dodurga
corum,iskilip,13827,11081,6698,NA,4140,2004,corum_iskilip
corum,kargi,4168,3405,1173,911,NA,2004,corum_kargi
corum,lacin,1213,999,628,331,10,2004,corum_lacin
corum,mecitozu,5119,3925,1114,1128,824,2004,corum_mecitozu
corum,merkez,113923,85325,38940,28998,2806,2004,corum_merkez
corum,oguzlar,2810,2358,838,607,367,2004,corum_oguzlar
corum,ortakoy,2770,2280,964,1063,245,2004,corum_ortakoy
corum,osmancik,16353,12845,5579,2266,3820,2004,corum_osmancik
corum,sungurlu,21463,15908,7118,4142,3220,2004,corum_sungurlu
corum,ugurludag,3060,2641,1280,NA,NA,2004,corum_ugurludag
denizli,acipayam,7971,6508,1076,2405,97,2004,denizli_acipayam
denizli,akkoy,2278,1870,744,433,NA,2004,denizli_akkoy
denizli,babadag,3650,3065,1640,736,154,2004,denizli_babadag
denizli,baklan,2238,1932,699,300,NA,2004,denizli_baklan
denizli,bekilli,3107,2471,1421,976,NA,2004,denizli_bekilli
denizli,beyagac,2240,1938,1220,547,NA,2004,denizli_beyagac
denizli,bozkurt,3079,2430,496,747,531,2004,denizli_bozkurt
denizli,buldan,10700,8978,2399,1768,2910,2004,denizli_buldan
denizli,cal,3721,2898,1286,911,161,2004,denizli_cal
denizli,cameli,2079,1722,797,757,9,2004,denizli_cameli
denizli,cardak,3217,2609,970,816,NA,2004,denizli_cardak
denizli,civril,9588,7722,3431,3394,500,2004,denizli_civril
denizli,guney,5326,4333,1234,1622,56,2004,denizli_guney
denizli,honaz,5534,4743,NA,1798,35,2004,denizli_honaz
denizli,kale,4686,3917,1347,712,762,2004,denizli_kale
denizli,merkez,172278,127276,65563,34907,3531,2004,denizli_merkez
denizli,saraykoy,11270,9378,3245,4721,158,2004,denizli_saraykoy
denizli,serinhisar,7611,6462,1313,1976,1893,2004,denizli_serinhisar
denizli,tavas,8460,6986,1411,NA,3449,2004,denizli_tavas
diyarbakir,bismil,24223,15594,2128,268,61,2004,diyarbakir_bismil
diyarbakir,cermik,8430,5795,1320,63,26,2004,diyarbakir_cermik
diyarbakir,cinar,6391,4529,1684,NA,6,2004,diyarbakir_cinar
diyarbakir,cungus,1789,1262,557,581,10,2004,diyarbakir_cungus
diyarbakir,dicle,4682,3149,141,29,30,2004,diyarbakir_dicle
diyarbakir,egil,3586,3134,1432,7,5,2004,diyarbakir_egil
diyarbakir,ergani,28601,18769,5528,939,223,2004,diyarbakir_ergani
diyarbakir,hani,3895,3196,1302,14,10,2004,diyarbakir_hani
diyarbakir,hazro,3428,2435,402,87,7,2004,diyarbakir_hazro
diyarbakir,kocakoy,4044,2825,361,952,7,2004,diyarbakir_kocakoy
diyarbakir,kulp,6290,4035,2166,711,31,2004,diyarbakir_kulp
diyarbakir,lice,5146,3290,1072,19,54,2004,diyarbakir_lice
diyarbakir,silvan,18906,10321,3508,125,NA,2004,diyarbakir_silvan
duzce,akcakoca,13141,10462,3346,2298,56,2004,duzce_akcakoca
duzce,cilimli,2934,2522,1153,515,325,2004,duzce_cilimli
duzce,cumayeri,4465,3641,1156,NA,605,2004,duzce_cumayeri
duzce,golyaka,5062,4076,1977,145,8,2004,duzce_golyaka
duzce,gumusova,4411,3606,1892,NA,103,2004,duzce_gumusova
duzce,kaynasli,5165,4196,2454,65,27,2004,duzce_kaynasli
duzce,merkez,43401,36462,23299,2370,1385,2004,duzce_merkez
duzce,yigilca,2517,2037,826,666,11,2004,duzce_yigilca
edirne,enez,3058,2272,544,734,NA,2004,edirne_enez
edirne,havsa,6421,5004,1149,1216,NA,2004,edirne_havsa
edirne,ipsala,5873,4804,1393,1086,1629,2004,edirne_ipsala
edirne,kesan,31850,23341,5026,10455,5597,2004,edirne_kesan
edirne,lalapasa,1022,846,385,90,9,2004,edirne_lalapasa
edirne,meric,2341,1801,457,887,6,2004,edirne_meric
edirne,merkez,82708,57745,17493,18461,2194,2004,edirne_merkez
edirne,suleoglu,2714,1890,608,806,114,2004,edirne_suleoglu
edirne,uzunkopru,25497,18529,2049,3926,896,2004,edirne_uzunkopru
elazig,agin,1777,1220,443,93,143,2004,elazig_agin
elazig,alacakaya,2378,1764,807,NA,15,2004,elazig_alacakaya
elazig,aricak,2308,1943,720,NA,11,2004,elazig_aricak
elazig,baskil,4311,2900,1785,NA,35,2004,elazig_baskil
elazig,karakocan,8776,5475,751,690,21,2004,elazig_karakocan
elazig,keban,6524,3930,1242,NA,1345,2004,elazig_keban
elazig,kovancilar,10716,7213,2219,NA,181,2004,elazig_kovancilar
elazig,maden,5794,3737,1913,511,27,2004,elazig_maden
elazig,merkez,186628,109187,29255,6673,6289,2004,elazig_merkez
elazig,palu,5547,3769,2550,NA,15,2004,elazig_palu
elazig,sivrice,4161,3095,1271,30,50,2004,elazig_sivrice
erzincan,cayirli,2489,1720,417,NA,329,2004,erzincan_cayirli
erzincan,ilic,2090,1484,518,117,19,2004,erzincan_ilic
erzincan,kemah,1532,1043,535,83,85,2004,erzincan_kemah
erzincan,kemaliye,1642,958,607,NA,123,2004,erzincan_kemaliye
erzincan,merkez,49252,31621,16265,5029,9079,2004,erzincan_merkez
erzincan,otlukbeli,1378,1078,230,NA,177,2004,erzincan_otlukbeli
erzincan,refahiye,2771,1744,1000,96,604,2004,erzincan_refahiye
erzincan,tercan,3858,2662,1210,NA,735,2004,erzincan_tercan
erzincan,uzumlu,6175,3822,1966,NA,1751,2004,erzincan_uzumlu
erzurum,askale,7377,5006,2523,51,1635,2004,erzurum_askale
erzurum,cat,1821,1586,647,NA,35,2004,erzurum_cat
erzurum,hinis,5312,3557,1875,NA,NA,2004,erzurum_hinis
erzurum,horasan,9760,6335,2231,NA,1434,2004,erzurum_horasan
erzurum,ilica,7012,4649,2754,25,234,2004,erzurum_ilica
erzurum,ispir,4720,3429,324,NA,54,2004,erzurum_ispir
erzurum,karacoban,4272,3332,813,892,NA,2004,erzurum_karacoban
erzurum,karayazi,2450,1880,520,NA,NA,2004,erzurum_karayazi
erzurum,koprukoy,1003,833,110,364,138,2004,erzurum_koprukoy
erzurum,narman,3281,2582,453,NA,928,2004,erzurum_narman
erzurum,oltu,13023,8659,3864,1419,2206,2004,erzurum_oltu
erzurum,olur,1903,1333,603,NA,82,2004,erzurum_olur
erzurum,pasinler,9821,7063,4875,17,1850,2004,erzurum_pasinler
erzurum,pazaryolu,1337,889,490,NA,NA,2004,erzurum_pazaryolu
erzurum,senkaya,1838,1381,551,188,152,2004,erzurum_senkaya
erzurum,tekman,1640,1353,786,NA,NA,2004,erzurum_tekman
erzurum,tortum,3997,2884,1282,NA,257,2004,erzurum_tortum
erzurum,uzundere,2352,1831,676,NA,NA,2004,erzurum_uzundere
eskisehir,alpu,3523,2935,607,217,683,2004,eskisehir_alpu
eskisehir,beylikova,2902,2350,630,897,50,2004,eskisehir_beylikova
eskisehir,cifteler,8324,6730,1373,2052,3105,2004,eskisehir_cifteler
eskisehir,gunyuzu,1364,1141,512,NA,27,2004,eskisehir_gunyuzu
eskisehir,han,1144,932,492,419,2,2004,eskisehir_han
eskisehir,inonu,3215,2878,967,1891,NA,2004,eskisehir_inonu
eskisehir,mahmudiye,3805,3166,1391,839,769,2004,eskisehir_mahmudiye
eskisehir,mihalgazi,1350,1172,495,204,34,2004,eskisehir_mihalgazi
eskisehir,mihaliccik,2547,1991,793,358,430,2004,eskisehir_mihaliccik
eskisehir,saricakaya(3),1947,1493,1170,NA,20,2004,eskisehir_saricakaya(3)
eskisehir,seyitgazi,2663,2261,693,35,726,2004,eskisehir_seyitgazi
eskisehir,sivrihisar,6317,5062,1801,634,853,2004,eskisehir_sivrihisar
gaziantep,araban,6686,5253,2225,2809,43,2004,gaziantep_araban
gaziantep,islahiye,19720,13531,4277,2970,181,2004,gaziantep_islahiye
gaziantep,karkamis,5146,3718,81,1908,1664,2004,gaziantep_karkamis
gaziantep,nizip,43407,29939,13818,5677,418,2004,gaziantep_nizip
gaziantep,nurdagi,11782,8873,3585,NA,2743,2004,gaziantep_nurdagi
gaziantep,oguzeli,5674,4312,1911,1121,947,2004,gaziantep_oguzeli
gaziantep,sahinbey,282882,181934,102707,59500,3920,2004,gaziantep_sahinbey
gaziantep,sehitkamil,196530,128484,57810,27976,2035,2004,gaziantep_sehitkamil
gaziantep,yavuzeli,2574,2216,1142,NA,NA,2004,gaziantep_yavuzeli
giresun,alucra,2827,1989,402,8,815,2004,giresun_alucra
giresun,bulancak,21040,14834,5510,3667,170,2004,giresun_bulancak
giresun,camoluk,2641,1809,930,NA,NA,2004,giresun_camoluk
giresun,canakci,2271,1566,624,NA,861,2004,giresun_canakci
giresun,dereli,5070,4142,1611,2004,52,2004,giresun_dereli
giresun,dogankent,3651,2451,1098,178,690,2004,giresun_dogankent
giresun,espiye,11496,7373,4028,579,621,2004,giresun_espiye
giresun,eynesil,5887,4122,1277,1065,NA,2004,giresun_eynesil
giresun,gorele,10917,7345,3962,1761,167,2004,giresun_gorele
giresun,guce,2305,1924,847,580,NA,2004,giresun_guce
giresun,kesap,6369,4936,1613,1075,676,2004,giresun_kesap
giresun,merkez,52278,33769,12862,11801,1155,2004,giresun_merkez
giresun,piraziz,6727,5027,1071,1746,NA,2004,giresun_piraziz
giresun,sebinkarahisar,6838,4605,1333,769,2412,2004,giresun_sebinkarahisar
giresun,tirebolu,9166,6634,1784,1874,1550,2004,giresun_tirebolu
giresun,yaglidere,3371,2442,914,NA,1414,2004,giresun_yaglidere
hakkari,cukurca,2695,1982,750,NA,6,2004,hakkari_cukurca
hakkari,merkez,28579,17967,5622,200,250,2004,hakkari_merkez
hakkari,semdinli,4255,3462,777,NA,NA,2004,hakkari_semdinli
hakkari,yuksekova,24166,15948,4487,695,123,2004,hakkari_yuksekova
hatay,altinozu,4210,2897,2074,742,NA,2004,hatay_altinozu
hatay,belen,15094,9973,4814,394,4472,2004,hatay_belen
hatay,dortyol,35565,24007,7074,4563,6991,2004,hatay_dortyol
hatay,erzin,18933,14112,3621,4196,2172,2004,hatay_erzin
hatay,hassa,5687,4532,2436,221,202,2004,hatay_hassa
hatay,iskenderun,116726,72590,16085,22723,572,2004,hatay_iskenderun
hatay,kirikhan,34023,23768,8996,1330,630,2004,hatay_kirikhan
hatay,kumlu,3446,2668,1258,496,NA,2004,hatay_kumlu
hatay,merkez,94217,66081,32662,24159,3114,2004,hatay_merkez
hatay,reyhanli,26587,18540,6933,1513,6675,2004,hatay_reyhanli
hatay,samandag,20346,15539,2676,7185,18,2004,hatay_samandag
hatay,yayladagi,4817,3285,2050,567,277,2004,hatay_yayladagi
igdir,aralik,4035,2976,1540,NA,NA,2004,igdir_aralik
igdir,karakoyunlu,2162,1473,661,NA,498,2004,igdir_karakoyunlu
igdir,merkez,37012,23117,4783,131,9753,2004,igdir_merkez
igdir,tuzluca,5470,3696,925,28,NA,2004,igdir_tuzluca
isparta,aksu,1841,1461,510,452,15,2004,isparta_aksu
isparta,atabey,3551,2930,1711,NA,67,2004,isparta_atabey
isparta,egirdir,10159,8463,3241,270,598,2004,isparta_egirdir
isparta,gelendost,3446,2933,1317,123,142,2004,isparta_gelendost
isparta,gonen,3161,2577,1384,NA,NA,2004,isparta_gonen
isparta,keciborlu,5698,4637,980,1579,1642,2004,isparta_keciborlu
isparta,merkez,98421,75823,37627,4428,26128,2004,isparta_merkez
isparta,sarkikaraagac,8051,6552,895,42,2774,2004,isparta_sarkikaraagac
isparta,senirkent,4593,3626,1490,NA,1678,2004,isparta_senirkent
isparta,sutculer,2029,1648,1034,26,10,2004,isparta_sutculer
isparta,uluborlu,3651,2822,1085,185,898,2004,isparta_uluborlu
isparta,yalvac,11362,9093,5190,75,105,2004,isparta_yalvac
isparta,yenisarbademli,1861,1579,1073,NA,28,2004,isparta_yenisarbademli
istanbul,adalar,13905,9985,2203,1825,70,2004,istanbul_adalar
istanbul,avcilar,174081,110634,38191,46132,9854,2004,istanbul_avcilar
istanbul,bagcilar,374872,236652,103922,35228,18261,2004,istanbul_bagcilar
istanbul,bahcelievler,347302,207899,100616,52442,11166,2004,istanbul_bahcelievler
istanbul,bakirkoy,169314,109925,27685,46955,2944,2004,istanbul_bakirkoy
istanbul,bayrampasa,168542,117324,60907,14111,3204,2004,istanbul_bayrampasa
istanbul,besiktas,163968,99817,19273,44534,1999,2004,istanbul_besiktas
istanbul,beykoz,127398,88681,38055,24866,3021,2004,istanbul_beykoz
istanbul,beyoglu,172589,108554,43779,28156,3267,2004,istanbul_beyoglu
istanbul,buyukcekmece,32968,19429,4457,5146,320,2004,istanbul_buyukcekmece
istanbul,catalca,11368,9399,2545,1967,186,2004,istanbul_catalca
istanbul,eminonu,33091,18701,4883,3199,474,2004,istanbul_eminonu
istanbul,esenler,256973,171767,72346,23960,19453,2004,istanbul_esenler
istanbul,eyup,164547,118877,52241,30648,3276,2004,istanbul_eyup
istanbul,fatih,311169,192882,85232,41064,11771,2004,istanbul_fatih
istanbul,gaziosmanpasa,434523,297983,149408,62908,9386,2004,istanbul_gaziosmanpasa
istanbul,gungoren,186751,116369,58888,21976,6291,2004,istanbul_gungoren
istanbul,kadikoy,586150,365318,120490,187306,7608,2004,istanbul_kadikoy
istanbul,kagithane,252072,163162,82705,29187,19103,2004,istanbul_kagithane
istanbul,kartal,251601,173965,72243,51649,5392,2004,istanbul_kartal
istanbul,kucukcekmece,413087,266674,133392,54143,16224,2004,istanbul_kucukcekmece
istanbul,maltepe,260382,171811,73895,58319,5549,2004,istanbul_maltepe
istanbul,pendik,274574,195331,86410,59141,8717,2004,istanbul_pendik
istanbul,sariyer,160413,111076,36106,28648,3649,2004,istanbul_sariyer
istanbul,sile,7127,5243,1644,1529,64,2004,istanbul_sile
istanbul,silivri,31402,22229,7735,6648,293,2004,istanbul_silivri
istanbul,sisli,213968,140979,31652,92627,2726,2004,istanbul_sisli
istanbul,sultanbeyli,113130,78407,37459,7131,3435,2004,istanbul_sultanbeyli
istanbul,tuzla,74295,54860,17492,14418,8093,2004,istanbul_tuzla
istanbul,umraniye,308746,215601,101770,33211,13691,2004,istanbul_umraniye
istanbul,uskudar,382196,252008,110468,60289,9093,2004,istanbul_uskudar
istanbul,zeytinburnu,164097,106377,56068,21144,8214,2004,istanbul_zeytinburnu
izmir,aliaga,25075,20388,6734,3833,1205,2004,izmir_aliaga
izmir,balcova,55663,39923,9292,15431,1059,2004,izmir_balcova
izmir,bayindir,10062,7969,2407,1783,185,2004,izmir_bayindir
izmir,bergama,38242,30030,10931,6949,1480,2004,izmir_bergama
izmir,beydag,4180,3534,515,1167,12,2004,izmir_beydag
izmir,bornova,281895,209330,66291,70562,9450,2004,izmir_bornova
izmir,buca,228114,160469,60870,40858,15405,2004,izmir_buca
izmir,cesme,15404,11679,1749,4923,3477,2004,izmir_cesme
izmir,cigli,84965,63771,23822,24755,2436,2004,izmir_cigli
izmir,dikili,10432,8148,269,961,271,2004,izmir_dikili
izmir,foca,7425,5309,286,2343,100,2004,izmir_foca
izmir,gaziemir,48582,35550,16143,13400,2481,2004,izmir_gaziemir
izmir,guzelbahce,10705,7888,1762,4102,148,2004,izmir_guzelbahce
izmir,karaburun,2440,1857,211,637,4,2004,izmir_karaburun
izmir,karsiyaka,346168,250168,70825,123103,7734,2004,izmir_karsiyaka
izmir,kemalpasa,17917,14109,5311,1119,1711,2004,izmir_kemalpasa
izmir,kinik,7975,6578,2086,2431,113,2004,izmir_kinik
izmir,kiraz,6177,5221,2045,2162,79,2004,izmir_kiraz
izmir,konak,575314,396094,136115,155832,15408,2004,izmir_konak
izmir,menderes,11695,9733,1453,5088,317,2004,izmir_menderes
izmir,menemen,30056,23478,7154,10026,4069,2004,izmir_menemen
izmir,narlidere,36962,26208,5112,12981,325,2004,izmir_narlidere
izmir,odemis,46711,37152,13901,11169,1649,2004,izmir_odemis
izmir,seferihisar,10908,8642,871,2605,80,2004,izmir_seferihisar
izmir,selcuk,18337,14874,1925,5640,2763,2004,izmir_selcuk
izmir,tire,32016,26308,7730,7259,2025,2004,izmir_tire
izmir,torbali,27140,21706,5131,5757,2297,2004,izmir_torbali
izmir,urla,26439,19706,6140,4198,187,2004,izmir_urla
karabuk,eflani,2249,1810,478,NA,NA,2004,karabuk_eflani
karabuk,eskipazar,5402,4063,1509,29,197,2004,karabuk_eskipazar
karabuk,merkez,63447,45612,26490,4190,1579,2004,karabuk_merkez
karabuk,ovacik,573,439,282,71,NA,2004,karabuk_ovacik
karabuk,safranbolu,24096,18415,8468,3194,881,2004,karabuk_safranbolu
karabuk,yenice,8438,6842,3022,3372,131,2004,karabuk_yenice
karaman,ayranci,2013,1693,667,661,284,2004,karaman_ayranci
karaman,basyayla,1272,1092,523,NA,560,2004,karaman_basyayla
karaman,ermenek,6750,5477,1375,1222,1490,2004,karaman_ermenek
karaman,kazimkarabekir,2495,2094,939,83,1040,2004,karaman_kazimkarabekir
karaman,merkez,65820,54490,22758,14220,13564,2004,karaman_merkez
karaman,sariveliler,2675,2351,1231,NA,11,2004,karaman_sariveliler
kars,akyaka,1782,1227,806,NA,NA,2004,kars_akyaka
kars,arpacay,2091,1362,506,355,11,2004,kars_arpacay
kars,digor,2143,1494,689,542,7,2004,kars_digor
kars,kagizman,11577,6385,2257,520,1668,2004,kars_kagizman
kars,merkez,46918,27114,13313,2226,9251,2004,kars_merkez
kars,sarikamis,11981,7246,2715,1620,2433,2004,kars_sarikamis
kars,selim,3158,2181,767,574,NA,2004,kars_selim
kars,susuz,2005,1410,672,39,NA,2004,kars_susuz
kastamonu,abana,2822,2199,837,1339,11,2004,kastamonu_abana
kastamonu,agli,2818,2295,1355,NA,NA,2004,kastamonu_agli
kastamonu,arac,3947,3047,1107,1153,745,2004,kastamonu_arac
kastamonu,azdavay,1997,1501,1034,130,NA,2004,kastamonu_azdavay
kastamonu,bozkurt,3120,2117,1740,NA,NA,2004,kastamonu_bozkurt
kastamonu,catalzeytin,2063,1527,702,426,20,2004,kastamonu_catalzeytin
kastamonu,cide,3904,2987,550,260,NA,2004,kastamonu_cide
kastamonu,daday,2868,2111,579,661,569,2004,kastamonu_daday
kastamonu,devrekani,4132,3353,1705,79,469,2004,kastamonu_devrekani
kastamonu,doganyurt,1058,814,178,NA,318,2004,kastamonu_doganyurt
kastamonu,hanonu,1619,1251,769,141,NA,2004,kastamonu_hanonu
kastamonu,ihsangazi,2307,1963,325,NA,834,2004,kastamonu_ihsangazi
kastamonu,inebolu,6672,4561,2570,NA,NA,2004,kastamonu_inebolu
kastamonu,kure,2302,1722,590,434,NA,2004,kastamonu_kure
kastamonu,merkez,47677,34633,9260,6033,16684,2004,kastamonu_merkez
kastamonu,pinarbasi,1361,1121,338,15,596,2004,kastamonu_pinarbasi
kastamonu,senpazar,1245,952,412,NA,NA,2004,kastamonu_senpazar
kastamonu,seydiler,2152,1765,587,432,416,2004,kastamonu_seydiler
kastamonu,taskopru,10720,7548,4027,352,2112,2004,kastamonu_taskopru
kayseri,akkisla,2374,1891,980,650,NA,2004,kayseri_akkisla
kayseri,bunyan,10010,7968,3948,282,2031,2004,kayseri_bunyan
kayseri,develi,22052,16653,9293,601,5796,2004,kayseri_develi
kayseri,felahiye,1665,1372,218,605,540,2004,kayseri_felahiye
kayseri,hacilar,8509,7234,3780,46,3362,2004,kayseri_hacilar
kayseri,incesu,6347,5182,2737,347,1898,2004,kayseri_incesu
kayseri,kocasinan,188249,121893,80964,12577,13449,2004,kayseri_kocasinan
kayseri,melikgazi,165466,110505,78290,9169,10606,2004,kayseri_melikgazi
kayseri,ozvatan,3560,2938,1630,12,1288,2004,kayseri_ozvatan
kayseri,pinarbasi,8451,5679,1685,385,1282,2004,kayseri_pinarbasi
kayseri,sarioglan,2687,2058,848,NA,639,2004,kayseri_sarioglan
kayseri,sariz,3096,2724,914,NA,209,2004,kayseri_sariz
kayseri,talas,25956,18281,7013,4144,6035,2004,kayseri_talas
kayseri,tomarza,7171,5708,3060,2103,314,2004,kayseri_tomarza
kayseri,yahyali,13899,10159,5091,NA,3466,2004,kayseri_yahyali
kayseri,yesilhisar,7566,6070,3274,633,1974,2004,kayseri_yesilhisar
kilis,elbeyli,1615,1256,284,382,35,2004,kilis_elbeyli
kilis,merkez,40083,28831,16548,8962,1520,2004,kilis_merkez
kilis,musabeyli,690,548,161,8,163,2004,kilis_musabeyli
kilis,polateli,752,633,45,296,53,2004,kilis_polateli
kirikkale,bahsili,4923,3566,2069,1409,55,2004,kirikkale_bahsili
kirikkale,baliseyh,2295,1652,867,NA,27,2004,kirikkale_baliseyh
kirikkale,celebi,1857,1203,593,49,511,2004,kirikkale_celebi
kirikkale,delice,3205,2232,1055,31,1030,2004,kirikkale_delice
kirikkale,karakecili,3568,2910,461,NA,510,2004,kirikkale_karakecili
kirikkale,keskin,10278,7852,3621,86,3300,2004,kirikkale_keskin
kirikkale,merkez,112295,80665,31292,3810,16617,2004,kirikkale_merkez
kirikkale,sulakyurt,1726,1526,427,393,393,2004,kirikkale_sulakyurt
kirikkale,yahsihan,4358,3421,995,972,147,2004,kirikkale_yahsihan
kirklareli,babaeski,16658,13910,1825,6434,NA,2004,kirklareli_babaeski
kirklareli,demirkoy,3178,2451,404,374,260,2004,kirklareli_demirkoy
kirklareli,kofcaz,558,527,211,312,NA,2004,kirklareli_kofcaz
kirklareli,luleburgaz,52374,39450,8308,9773,677,2004,kirklareli_luleburgaz
kirklareli,merkez,36392,27803,6831,8659,7657,2004,kirklareli_merkez
kirklareli,pehlivankoy,2249,1848,1002,833,NA,2004,kirklareli_pehlivankoy
kirklareli,pinarhisar,7189,6023,1764,1528,400,2004,kirklareli_pinarhisar
kirklareli,vize,7288,6058,1391,580,935,2004,kirklareli_vize
kirsehir,akcakent,820,668,239,12,20,2004,kirsehir_akcakent
kirsehir,akpinar,2342,1898,848,1010,37,2004,kirsehir_akpinar
kirsehir,boztepe,3055,2535,758,878,893,2004,kirsehir_boztepe
kirsehir,cicekdagi,4782,3612,1554,550,440,2004,kirsehir_cicekdagi
kirsehir,kaman,15876,11447,4964,2819,2440,2004,kirsehir_kaman
kirsehir,merkez,54440,38435,13350,4787,11640,2004,kirsehir_merkez
kirsehir,mucur,9293,7281,4212,364,2627,2004,kirsehir_mucur
kocaeli,derince,75093,52398,16654,10079,9357,2004,kocaeli_derince
kocaeli,gebze,159795,120412,50165,23554,18483,2004,kocaeli_gebze
kocaeli,golcuk,43837,28520,10195,2915,3255,2004,kocaeli_golcuk
kocaeli,kandira,8437,6319,1926,1983,933,2004,kocaeli_kandira
kocaeli,karamursel,22638,16483,6469,456,1732,2004,kocaeli_karamursel
kocaeli,korfez,59391,44257,16132,6790,4547,2004,kocaeli_korfez
konya,ahirli,790,624,365,6,24,2004,konya_ahirli
konya,akoren,2372,1972,944,NA,938,2004,konya_akoren
konya,aksehir,32439,24339,12179,9396,2048,2004,konya_aksehir
konya,altinekin,2619,2406,1290,NA,1076,2004,konya_altinekin
konya,beysehir,15634,12614,5813,231,2613,2004,konya_beysehir
konya,bozkir,6580,4056,974,NA,1058,2004,konya_bozkir
konya,celtik,3218,2569,1055,NA,7,2004,konya_celtik
konya,cihanbeyli,8990,7173,3131,NA,47,2004,konya_cihanbeyli
konya,cumra,16311,13178,4661,NA,3096,2004,konya_cumra
konya,derbent,3070,2714,1079,NA,630,2004,konya_derbent
konya,derebucak,1583,1321,581,NA,724,2004,konya_derebucak
konya,doganhisar,5416,4559,738,NA,69,2004,konya_doganhisar
konya,emirgazi,4853,4053,2301,NA,13,2004,konya_emirgazi
konya,eregli,52582,40671,12812,NA,8382,2004,konya_eregli
konya,guneysinir,3814,3005,1498,NA,889,2004,konya_guneysinir
konya,hadim,2119,1730,459,NA,609,2004,konya_hadim
konya,halkapinar,1430,1140,743,NA,360,2004,konya_halkapinar
konya,huyuk,2407,1991,632,NA,780,2004,konya_huyuk
konya,ilgin,17744,14105,2302,NA,1998,2004,konya_ilgin
konya,kadinhani,8714,7230,3481,NA,1202,2004,konya_kadinhani
konya,karapinar,18751,15879,8132,NA,2081,2004,konya_karapinar
konya,karatay,100865,79094,51063,806,3419,2004,konya_karatay
konya,kulu,11909,8774,4342,NA,3960,2004,konya_kulu
konya,meram,147827,113325,72100,3038,7984,2004,konya_meram
konya,sarayonu,6574,5445,1959,NA,1570,2004,konya_sarayonu
konya,selcuklu,192423,140888,87443,5240,17485,2004,konya_selcuklu
konya,seydisehir,25421,20789,8535,5772,5551,2004,konya_seydisehir
konya,taskent,928,811,437,NA,52,2004,konya_taskent
konya,tuzlukcu,4171,3412,1489,1262,45,2004,konya_tuzlukcu
konya,yalihuyuk,1685,1361,121,NA,454,2004,konya_yalihuyuk
konya,yunak,5647,4061,2283,NA,1332,2004,konya_yunak
kutahya,altintas,3490,2902,881,837,499,2004,kutahya_altintas
kutahya,aslanapa,1340,1124,554,NA,292,2004,kutahya_aslanapa
kutahya,cavdarhisar,1815,1485,590,721,14,2004,kutahya_cavdarhisar
kutahya,domanic,3363,2610,1194,845,236,2004,kutahya_domanic
kutahya,dumlupinar,980,818,333,53,149,2004,kutahya_dumlupinar
kutahya,emet,6855,5714,2562,68,258,2004,kutahya_emet
kutahya,gediz,11974,10008,4014,277,3073,2004,kutahya_gediz
kutahya,hisarcik,3169,2740,1461,NA,347,2004,kutahya_hisarcik
kutahya,merkez,115502,91238,52547,5661,12395,2004,kutahya_merkez
kutahya,pazarlar,2412,2006,1131,NA,829,2004,kutahya_pazarlar
kutahya,saphane,2564,2147,964,NA,26,2004,kutahya_saphane
kutahya,simav,13412,10695,5945,NA,1080,2004,kutahya_simav
kutahya,tavsanli,33552,28062,11117,696,1784,2004,kutahya_tavsanli
malatya,akcadag,7191,5270,2552,566,183,2004,malatya_akcadag
malatya,arapkir,4765,3215,1462,538,38,2004,malatya_arapkir
malatya,arguvan,1783,1306,132,311,1,2004,malatya_arguvan
malatya,battalgazi,10372,8185,2406,825,56,2004,malatya_battalgazi
malatya,darende,7621,4422,2556,NA,1802,2004,malatya_darende
malatya,dogansehir,8215,5714,2267,642,1113,2004,malatya_dogansehir
malatya,doganyol,1079,832,425,NA,NA,2004,malatya_doganyol
malatya,hekimhan,6022,4869,836,2071,86,2004,malatya_hekimhan
malatya,kale,3200,1940,520,NA,251,2004,malatya_kale
malatya,kuluncak,1663,1323,619,669,11,2004,malatya_kuluncak
malatya,merkez,207399,122218,62895,12706,40642,2004,malatya_merkez
malatya,poturge,2277,1477,538,578,NA,2004,malatya_poturge
malatya,yazihan,1564,1241,441,157,9,2004,malatya_yazihan
malatya,yesilyurt,6431,4584,2857,1160,56,2004,malatya_yesilyurt
manisa,ahmetli,7262,5941,1896,2064,511,2004,manisa_ahmetli
manisa,akhisar,57429,44995,17854,12515,1309,2004,manisa_akhisar
manisa,alasehir,28360,23303,NA,4241,10046,2004,manisa_alasehir
manisa,demirci,13080,9943,4432,1180,799,2004,manisa_demirci
manisa,golmarmara,6999,5772,2075,1397,50,2004,manisa_golmarmara
manisa,gordes,7933,6720,1618,1174,2049,2004,manisa_gordes
manisa,kirkagac,13218,10571,3016,327,1881,2004,manisa_kirkagac
manisa,koprubasi,4042,3383,1146,879,796,2004,manisa_koprubasi
manisa,kula,13937,11836,2345,2248,1160,2004,manisa_kula
manisa,merkez,147814,113898,42970,10378,3882,2004,manisa_merkez
manisa,salihli,59028,47528,11797,16354,10241,2004,manisa_salihli
manisa,sarigol,9286,7884,2260,3028,811,2004,manisa_sarigol
manisa,saruhanli,10494,7878,3287,1336,397,2004,manisa_saruhanli
manisa,selendi,5180,4381,1383,1201,595,2004,manisa_selendi
manisa,soma,42210,33887,14999,8811,1779,2004,manisa_soma
manisa,turgutlu,61462,47844,17146,8317,16338,2004,manisa_turgutlu
mardin,dargecit,7595,4873,NA,NA,NA,2004,mardin_dargecit
mardin,derik,8533,5868,NA,373,NA,2004,mardin_derik
mardin,kiziltepe,47212,27254,NA,1368,NA,2004,mardin_kiziltepe
mardin,mazidagi,5864,4066,NA,906,NA,2004,mardin_mazidagi
mardin,merkez,40301,22878,NA,720,278,2004,mardin_merkez
mardin,midyat,25588,15262,NA,NA,NA,2004,mardin_midyat
mardin,nusaybin,30157,17210,NA,1204,NA,2004,mardin_nusaybin
mardin,omerli,3764,2899,NA,1014,69,2004,mardin_omerli
mardin,savur,4332,2984,NA,378,NA,2004,mardin_savur
mardin,yesilli,6924,4725,NA,NA,NA,2004,mardin_yesilli
mersin,anamur,21416,16222,2849,5647,3407,2004,mersin_anamur
mersin,aydincik,6687,5120,1781,2055,507,2004,mersin_aydincik
mersin,bozyazi,9948,8475,1775,377,3874,2004,mersin_bozyazi
mersin,camliyayla,3144,2370,1276,23,907,2004,mersin_camliyayla
mersin,erdemli,23678,18583,8123,354,7941,2004,mersin_erdemli
mersin,gulnar,5534,4555,1347,1155,1592,2004,mersin_gulnar
mersin,mut,17908,14300,3403,1964,311,2004,mersin_mut
mersin,silifke,29695,24262,1398,6270,10773,2004,mersin_silifke
mersin,tarsus,126519,93326,16292,22243,38365,2004,mersin_tarsus
mugla,bodrum,20544,11847,2252,5726,263,2004,mugla_bodrum
mugla,dalaman,13300,9368,3646,2464,1524,2004,mugla_dalaman
mugla,datca,6093,4349,822,1700,191,2004,mugla_datca
mugla,fethiye,37712,27811,3952,4317,11481,2004,mugla_fethiye
mugla,kavaklidere,2267,1865,1032,NA,74,2004,mugla_kavaklidere
mugla,koycegiz,5918,4712,1654,2429,408,2004,mugla_koycegiz
mugla,marmaris,17723,11398,NA,6455,500,2004,mugla_marmaris
mugla,merkez,32652,24387,6045,10511,475,2004,mugla_merkez
mugla,milas,29664,22901,5862,8507,486,2004,mugla_milas
mugla,ortaca,12717,10040,2749,2662,1837,2004,mugla_ortaca
mugla,ula,4199,3512,510,1514,76,2004,mugla_ula
mugla,yatagan,11121,8969,1967,3595,NA,2004,mugla_yatagan
mus,bulanik,9696,6104,1758,33,1974,2004,mus_bulanik
mus,haskoy,5282,4029,512,NA,NA,2004,mus_haskoy
mus,korkut,1815,1369,659,3,NA,2004,mus_korkut
mus,malazgirt,9500,5978,2538,NA,NA,2004,mus_malazgirt
mus,merkez,29885,19090,6807,214,170,2004,mus_merkez
mus,varto,5687,3823,1393,213,NA,2004,mus_varto
nevsehir,acigol,3507,2800,1687,NA,NA,2004,nevsehir_acigol
nevsehir,avanos,8119,6263,1862,1056,1324,2004,nevsehir_avanos
nevsehir,derinkuyu,6202,5333,2468,853,NA,2004,nevsehir_derinkuyu
nevsehir,gulsehir,5425,4422,2114,82,2141,2004,nevsehir_gulsehir
nevsehir,hacibektas,4518,3436,109,512,95,2004,nevsehir_hacibektas
nevsehir,kozakli,5745,4540,1744,189,1265,2004,nevsehir_kozakli
nevsehir,merkez,41291,32186,14699,496,6162,2004,nevsehir_merkez
nevsehir,urgup,10219,8355,3497,4178,488,2004,nevsehir_urgup
nigde,altunhisar,2648,1985,846,66,91,2004,nigde_altunhisar
nigde,bor,18045,13921,5956,929,6147,2004,nigde_bor
nigde,camardi,3187,2247,818,602,342,2004,nigde_camardi
nigde,ciftlik,2640,2013,305,535,NA,2004,nigde_ciftlik
nigde,merkez,51181,35892,10684,8923,13657,2004,nigde_merkez
nigde,ulukisla,4786,3425,360,1314,1225,2004,nigde_ulukisla
ordu,akkus,3185,2277,910,659,NA,2004,ordu_akkus
ordu,aybasti,9374,6914,1800,1696,NA,2004,ordu_aybasti
ordu,camas,7293,5465,2911,2440,NA,2004,ordu_camas
ordu,catalpinar,3865,2855,1673,24,NA,2004,ordu_catalpinar
ordu,caybasi,3946,3046,1283,145,570,2004,ordu_caybasi
ordu,fatsa,30742,15439,7111,1810,1820,2004,ordu_fatsa
ordu,golkoy,9140,6316,1007,2244,1808,2004,ordu_golkoy
ordu,gulyali,3397,2772,879,694,476,2004,ordu_gulyali
ordu,gurgentepe,6777,5138,1246,732,NA,2004,ordu_gurgentepe
ordu,ikizce,4598,3660,1080,321,2189,2004,ordu_ikizce
ordu,kabaduz,2322,1906,568,26,624,2004,ordu_kabaduz
ordu,kabatas,5096,3964,1827,116,NA,2004,ordu_kabatas
ordu,korgan,8130,6043,2235,1757,NA,2004,ordu_korgan
ordu,kumru,7031,4631,2190,1355,93,2004,ordu_kumru
ordu,merkez,62816,43712,13537,2455,8427,2004,ordu_merkez
ordu,mesudiye,3342,2217,497,751,722,2004,ordu_mesudiye
ordu,persembe,7389,5535,2618,854,93,2004,ordu_persembe
ordu,ulubey,5019,3855,1530,388,1010,2004,ordu_ulubey
ordu,unye,33782,22830,12059,7540,1177,2004,ordu_unye
osmaniye,bahce,7573,4717,1765,NA,917,2004,osmaniye_bahce
osmaniye,duzici,22300,18102,6566,4316,686,2004,osmaniye_duzici
osmaniye,hasanbeyli,2104,1730,807,274,622,2004,osmaniye_hasanbeyli
osmaniye,kadirli,45837,34072,12725,1890,5531,2004,osmaniye_kadirli
osmaniye,merkez,96060,66676,25518,5702,23114,2004,osmaniye_merkez
osmaniye,sumbas,2232,1756,351,585,211,2004,osmaniye_sumbas
osmaniye,toprakkale,5639,4312,1598,35,688,2004,osmaniye_toprakkale
rize,ardesen,17010,11267,4229,2247,208,2004,rize_ardesen
rize,camlihemsin,812,544,247,NA,5,2004,rize_camlihemsin
rize,cayeli,14167,8472,3376,861,289,2004,rize_cayeli
rize,derepazari,3242,2028,1544,NA,34,2004,rize_derepazari
rize,findikli,7310,5499,2434,2147,91,2004,rize_findikli
rize,guneysu,2579,1816,1229,NA,117,2004,rize_guneysu
rize,hemsin,1391,963,403,414,10,2004,rize_hemsin
rize,ikizdere,1838,1328,846,NA,52,2004,rize_ikizdere
rize,iyidere,5186,3610,2173,NA,34,2004,rize_iyidere
rize,kalkandere,5173,3939,2131,NA,12,2004,rize_kalkandere
rize,merkez,50733,28952,15117,2388,1287,2004,rize_merkez
rize,pazar,10722,7129,2251,2321,310,2004,rize_pazar
sakarya,akyazi,15747,12463,4574,646,3366,2004,sakarya_akyazi
sakarya,ferizli,7954,6360,1585,146,1425,2004,sakarya_ferizli
sakarya,geyve,12165,10026,2129,2761,3096,2004,sakarya_geyve
sakarya,hendek,21015,16174,5966,2705,5540,2004,sakarya_hendek
sakarya,karapurcek,3598,3040,757,854,29,2004,sakarya_karapurcek
sakarya,karasu,15179,11403,4468,614,192,2004,sakarya_karasu
sakarya,kaynarca,3594,3149,1130,315,227,2004,sakarya_kaynarca
sakarya,kocaali,9113,7288,881,1168,776,2004,sakarya_kocaali
sakarya,pamukova,9775,7955,3725,61,421,2004,sakarya_pamukova
sakarya,sapanca,15105,11967,4927,2819,280,2004,sakarya_sapanca
sakarya,sogutlu,5808,5058,2046,662,27,2004,sakarya_sogutlu
sakarya,tarakli,2205,1808,1096,46,442,2004,sakarya_tarakli
samsun,19 mayis,7298,5252,2314,NA,181,2004,samsun_19 mayis
samsun,alacam,8757,6905,1821,2041,1902,2004,samsun_alacam
samsun,asarcik,1585,1188,269,151,162,2004,samsun_asarcik
samsun,ayvacik,4954,3688,1601,NA,2034,2004,samsun_ayvacik
samsun,bafra,50982,34637,15876,1710,13648,2004,samsun_bafra
samsun,carsamba,31594,21189,8826,4345,6179,2004,samsun_carsamba
samsun,havza,14035,9907,4440,3313,1106,2004,samsun_havza
samsun,kavak,5337,3913,1642,752,429,2004,samsun_kavak
samsun,ladik,6248,4716,1821,344,692,2004,samsun_ladik
samsun,salipazari,4829,3708,774,293,1612,2004,samsun_salipazari
samsun,tekkekoy,11056,8653,1768,2438,1727,2004,samsun_tekkekoy
samsun,terme,17545,10995,5422,1121,3464,2004,samsun_terme
samsun,vezirkopru,16347,11107,4209,2948,182,2004,samsun_vezirkopru
samsun,yakakent,3727,2879,766,623,686,2004,samsun_yakakent
sanliurfa,akcakale,10766,7347,3889,267,57,2004,sanliurfa_akcakale
sanliurfa,birecik,19612,14144,4934,257,80,2004,sanliurfa_birecik
sanliurfa,bozova,7388,5347,1094,927,20,2004,sanliurfa_bozova
sanliurfa,ceylanpinar,21040,14412,1898,120,22,2004,sanliurfa_ceylanpinar
sanliurfa,halfeti,1088,943,97,504,3,2004,sanliurfa_halfeti
sanliurfa,harran,2211,1834,1005,NA,NA,2004,sanliurfa_harran
sanliurfa,hilvan,9379,6608,1824,80,11,2004,sanliurfa_hilvan
sanliurfa,merkez,151230,95751,58402,1176,1047,2004,sanliurfa_merkez
sanliurfa,siverek,36490,23561,4477,2832,NA,2004,sanliurfa_siverek
sanliurfa,suruc,20499,13871,2653,3176,61,2004,sanliurfa_suruc
sanliurfa,viransehir,24930,16067,2982,156,174,2004,sanliurfa_viransehir
siirt,aydinlar,1379,938,309,NA,NA,2004,siirt_aydinlar
siirt,baykan,5230,3383,575,9,1,2004,siirt_baykan
siirt,eruh,4656,3305,1008,527,NA,2004,siirt_eruh
siirt,kurtalan,11592,7810,1607,120,72,2004,siirt_kurtalan
siirt,merkez,46896,33831,18110,234,146,2004,siirt_merkez
siirt,pervari,2668,1991,475,306,NA,2004,siirt_pervari
siirt,sirvan,1810,1398,758,NA,NA,2004,siirt_sirvan
sinop,ayancik,7673,5601,1992,1494,26,2004,sinop_ayancik
sinop,boyabat,15586,10414,4861,553,4645,2004,sinop_boyabat
sinop,dikmen,945,763,275,128,1,2004,sinop_dikmen
sinop,duragan,5241,3656,1889,94,472,2004,sinop_duragan
sinop,erfelek,2768,1971,748,699,109,2004,sinop_erfelek
sinop,gerze,6976,5260,1489,1646,216,2004,sinop_gerze
sinop,merkez,22044,16347,4977,4971,902,2004,sinop_merkez
sinop,sarayduzu,905,708,328,NA,355,2004,sinop_sarayduzu
sinop,turkeli,4085,3024,1255,NA,653,2004,sinop_turkeli
sirnak,beytussebap,3190,2233,258,52,NA,2004,sirnak_beytussebap
sirnak,cizre,29893,22246,6109,1150,NA,2004,sirnak_cizre
sirnak,guclukonak,1633,996,409,11,NA,2004,sirnak_guclukonak
sirnak,idil,11672,6198,862,203,NA,2004,sirnak_idil
sirnak,merkez,22532,13738,4100,87,NA,2004,sirnak_merkez
sirnak,silopi,21963,16371,922,NA,NA,2004,sirnak_silopi
sirnak,uludere,2846,2419,676,578,NA,2004,sirnak_uludere
sivas,akincilar,1931,1489,918,NA,NA,2004,sivas_akincilar
sivas,altinyayla,2164,1620,566,NA,34,2004,sivas_altinyayla
sivas,divrigi,10683,6961,3532,3179,NA,2004,sivas_divrigi
sivas,dogansar,1435,1046,436,NA,391,2004,sivas_dogansar
sivas,gemerek,4504,3404,866,NA,1287,2004,sivas_gemerek
sivas,golova,1497,1100,579,NA,520,2004,sivas_golova
sivas,gurun,6656,4962,2003,193,NA,2004,sivas_gurun
sivas,hafik,1952,1471,649,424,230,2004,sivas_hafik
sivas,imranli,2836,1943,945,85,NA,2004,sivas_imranli
sivas,kangal,7962,4901,3156,NA,258,2004,sivas_kangal
sivas,koyulhisar,2964,2128,1227,NA,NA,2004,sivas_koyulhisar
sivas,merkez,168009,108712,54650,7690,3420,2004,sivas_merkez
sivas,sarkisla,12930,9272,3472,1333,496,2004,sivas_sarkisla
sivas,susehri,8794,6323,3108,NA,NA,2004,sivas_susehri
sivas,ulas,3284,2124,277,736,1104,2004,sivas_ulas
sivas,yildizeli,4900,3348,1418,NA,324,2004,sivas_yildizeli
sivas,zara,8616,5685,1779,1025,2798,2004,sivas_zara
tekirdag,cerkezkoy,32713,21767,5302,1697,1612,2004,tekirdag_cerkezkoy
tekirdag,corlu,86539,61425,13395,23787,4395,2004,tekirdag_corlu
tekirdag,hayrabolu,12593,9396,3064,2139,609,2004,tekirdag_hayrabolu
tekirdag,malkara,16208,12471,3635,1896,993,2004,tekirdag_malkara
tekirdag,marmaraereglisi,7958,5657,2091,786,25,2004,tekirdag_marmaraereglisi
tekirdag,merkez,76769,52803,17135,13019,4472,2004,tekirdag_merkez
tekirdag,muratli,11614,9442,1322,1809,481,2004,tekirdag_muratli
tekirdag,saray,12574,9974,3461,3475,691,2004,tekirdag_saray
tekirdag,sarkoy,10593,7449,2131,1523,135,2004,tekirdag_sarkoy
tokat,almus,3413,2345,1241,NA,206,2004,tokat_almus
tokat,artova,2335,1798,922,NA,869,2004,tokat_artova
tokat,basciftlik,2069,1571,872,NA,NA,2004,tokat_basciftlik
tokat,erbaa,29501,20689,6298,4794,8381,2004,tokat_erbaa
tokat,merkez,74595,48982,23115,4384,2928,2004,tokat_merkez
tokat,niksar,20177,13657,7437,1017,4340,2004,tokat_niksar
tokat,pazar,4042,3298,1767,NA,103,2004,tokat_pazar
tokat,resadiye,12500,7388,2204,NA,3048,2004,tokat_resadiye
tokat,sulusaray,2207,1780,409,NA,525,2004,tokat_sulusaray
tokat,turhal,46146,31762,12255,7557,10945,2004,tokat_turhal
tokat,yesilyurt,3450,2796,830,NA,37,2004,tokat_yesilyurt
tokat,zile,24890,18254,4725,5204,7859,2004,tokat_zile
trabzon,akcaabat,18459,12846,5241,302,276,2004,trabzon_akcaabat
trabzon,arakli,11897,6490,1628,214,179,2004,trabzon_arakli
trabzon,arsin,8334,6275,3485,NA,42,2004,trabzon_arsin
trabzon,besikduzu,9087,6516,NA,1891,3208,2004,trabzon_besikduzu
trabzon,carsibasi,6206,4718,1513,182,148,2004,trabzon_carsibasi
trabzon,caykara,1659,1277,634,12,5,2004,trabzon_caykara
trabzon,dernekpazari,1301,953,444,NA,NA,2004,trabzon_dernekpazari
trabzon,duzkoy,2990,2366,1158,1141,NA,2004,trabzon_duzkoy
trabzon,hayrat,2470,1447,1184,NA,13,2004,trabzon_hayrat
trabzon,koprubasi,3089,2250,1350,NA,10,2004,trabzon_koprubasi
trabzon,macka,7529,4931,505,2651,18,2004,trabzon_macka
trabzon,merkez,135193,73965,26240,26612,4980,2004,trabzon_merkez
trabzon,of,10402,5151,3057,1268,137,2004,trabzon_of
trabzon,salpazari,3970,3130,1501,NA,594,2004,trabzon_salpazari
trabzon,surmene,10787,6482,2518,2136,738,2004,trabzon_surmene
trabzon,tonya,6437,5107,2474,2397,NA,2004,trabzon_tonya
trabzon,vakfikebir,9407,6766,2935,NA,NA,2004,trabzon_vakfikebir
trabzon,yomra,9171,6168,2592,98,53,2004,trabzon_yomra
tunceli,cemisgezek,2161,1683,792,711,21,2004,tunceli_cemisgezek
tunceli,hozat,3670,2233,191,467,15,2004,tunceli_hozat
tunceli,mazgirt,1840,1096,417,322,5,2004,tunceli_mazgirt
tunceli,merkez,16803,10653,826,825,50,2004,tunceli_merkez
tunceli,nazimiye,1466,945,225,345,NA,2004,tunceli_nazimiye
tunceli,ovacik,2270,1709,582,396,NA,2004,tunceli_ovacik
tunceli,pertek,4991,3651,1070,1765,NA,2004,tunceli_pertek
tunceli,pulumur,1437,894,115,526,NA,2004,tunceli_pulumur
usak,banaz,11094,8748,1680,3142,2001,2004,usak_banaz
usak,esme,8450,6850,1537,932,1219,2004,usak_esme
usak,karahalli,3629,2855,1369,1239,57,2004,usak_karahalli
usak,merkez,88913,70511,24773,17337,21889,2004,usak_merkez
usak,sivasli,4768,4020,1490,1544,917,2004,usak_sivasli
usak,ulubey,3781,3238,1600,NA,15,2004,usak_ulubey
van,bahcesaray,1455,894,599,NA,NA,2004,van_bahcesaray
van,baskale,5369,3234,1238,197,NA,2004,van_baskale
van,caldiran,4672,3525,1128,867,NA,2004,van_caldiran
van,catak,2785,2134,937,45,NA,2004,van_catak
van,edremit,3250,2281,1454,NA,28,2004,van_edremit
van,ercis,29775,19291,4791,102,434,2004,van_ercis
van,gevas,6282,4697,2205,1460,NA,2004,van_gevas
van,gurpinar,4110,2833,514,13,NA,2004,van_gurpinar
van,merkez,131251,76950,41474,591,407,2004,van_merkez
van,muradiye,6848,4355,1942,42,NA,2004,van_muradiye
van,ozalp,4427,2948,1253,774,8,2004,van_ozalp
van,saray,2037,1626,851,759,4,2004,van_saray
yalova,altinova,2546,2102,790,616,3,2004,yalova_altinova
yalova,armutlu,3385,2551,1092,365,906,2004,yalova_armutlu
yalova,ciftlikkoy,10033,6884,2384,369,222,2004,yalova_ciftlikkoy
yalova,cinarcik,9482,5840,1715,1258,536,2004,yalova_cinarcik
yalova,merkez,61558,41199,12463,4953,1180,2004,yalova_merkez
yalova,termal,2961,2376,1266,10,5,2004,yalova_termal
yozgat,akdagmadeni,10995,7881,2987,NA,2752,2004,yozgat_akdagmadeni
yozgat,aydincik,2371,1830,594,18,498,2004,yozgat_aydincik
yozgat,bogazliyan,10272,8255,2798,3552,1658,2004,yozgat_bogazliyan
yozgat,candir,3648,2872,571,825,802,2004,yozgat_candir
yozgat,cayiralan,4023,3205,1363,903,921,2004,yozgat_cayiralan
yozgat,cekerek,6716,5076,2206,60,NA,2004,yozgat_cekerek
yozgat,kadisehri,1567,1281,663,16,600,2004,yozgat_kadisehri
yozgat,merkez,39506,28837,17322,617,9646,2004,yozgat_merkez
yozgat,saraykent,2920,2349,1100,NA,1241,2004,yozgat_saraykent
yozgat,sarikaya,10329,7955,3340,69,2548,2004,yozgat_sarikaya
yozgat,sefaatli,7093,5849,1767,325,1245,2004,yozgat_sefaatli
yozgat,sorgun,21618,15519,8628,132,5983,2004,yozgat_sorgun
yozgat,yenifakili,2795,2243,877,468,867,2004,yozgat_yenifakili
yozgat,yerkoy,19951,14629,4093,1602,3341,2004,yozgat_yerkoy
zonguldak,alapli,11413,8280,3980,771,369,2004,zonguldak_alapli
zonguldak,caycuma,12527,9713,4084,3334,108,2004,zonguldak_caycuma
zonguldak,devrek,13927,9458,5323,3066,42,2004,zonguldak_devrek
zonguldak,eregli,52571,39561,9803,2679,249,2004,zonguldak_eregli
zonguldak,gokcebey,5188,4023,2598,1200,14,2004,zonguldak_gokcebey
zonguldak,merkez,76547,49715,18214,16918,1107,2004,zonguldak_merkez
NA,aglasun,3833,3245,1307,441,851,2004,NA_aglasun
NA,altinyayla,3310,2870,1227,NA,9,2004,NA_altinyayla
NA,bucak,18951,15846,6923,386,720,2004,NA_bucak
NA,cavdir,2383,2004,839,NA,16,2004,NA_cavdir
NA,celtikci,1939,1696,730,599,23,2004,NA_celtikci
NA,golhisar,8254,6960,3642,688,42,2004,NA_golhisar
NA,karamanli,4120,3478,1794,1601,21,2004,NA_karamanli
NA,kemer,1460,1297,496,NA,312,2004,NA_kemer
NA,merkez,42842,34111,15837,15456,1245,2004,NA_merkez
NA,tefenni,3954,3205,890,595,899,2004,NA_tefenni
NA,yesilova,3724,3138,1170,843,15,2004,NA_yesilova
